"['title']","0.669348","0.49256","0.152227","0.015365","0.457759","0.0","0.0","0.0","0.987","0.84","0.099","0.054","0.198"
"['12/12/12']","0.04282","0.056057","0.073966","0.921419","0.167132","0.0","0.0","0.0","0.534","0.693","0.008","0.123","0.752"
"['2-Headed Shark Attack']","0.194198","0.38523","0.204615","0.064948","0.14139","0.709","0.0","0.668","0.893","0.365","0.116","0.064","0.552"
"['21 Jump Street']","0.065785","0.137637","0.04378","0.58308","0.450209","0.0","0.0","0.027","0.242","0.328","0.598","0.631","0.796"
"['28 Hotel Rooms']","0.188942","0.198944","0.149722","0.258763","0.253107","0.0","0.912","0.0","0.414","0.313","0.007","0.252","0.806"
"['3,2,1... Frankie Go Boom']","0.157645","0.159234","0.313686","0.438206","0.283985","0.0","0.0","0.0","0.4","0.544","0.296","0.232","0.473"
"['40 Days and Nights']","0.129848","0.570289","0.475499","0.046285","0.174915","0.0","0.0","0.179","0.114","0.604","0.25","0.901","0.837"
"['About Cherry']","0.246701","0.144987","0.185767","0.063363","0.189583","0.0","0.0","0.932","0.505","0.337","0.587","0.277","0.681"
"['Abraham Lincoln vs. Zombies']","0.227356","0.137851","0.584852","0.04757","0.258315","0.0","0.0","0.121","0.205","0.267","0.711","0.554","0.704"
"['Abraham Lincoln: Vampire Hunter']","0.273582","0.453105","0.485829","0.491845","0.017836","0.0","0.0","0.0","0.757","0.571","0.06","0.084","0.401"
"['Act of Valor']","0.077104","0.733188","0.31067","0.029229","0.422042","0.0","0.0","0.375","0.503","0.431","0.291","0.19","0.729"
"['After']","0.143565","0.242307","0.309651","0.056582","0.103876","0.0","0.0","0.313","0.445","0.495","0.378","0.25","0.683"
"['Air Collision']","0.628234","0.166142","0.061997","0.016647","0.479483","0.0","0.563","0.0","0.797","0.402","0.134","0.132","0.166"
"['Alex Cross']","0.563723","0.448337","0.317577","0.011224","0.228396","0.0","0.0","0.0","0.061","0.084","0.786","0.179","0.899"
"['Cross']","0.689611","0.221397","0.457775","0.011615","0.604432","0.0","0.0","0.593","0.399","0.097","0.493","0.501","0.701"
"['Alien Origin']","0.024426","0.967775","0.513442","0.022647","0.030044","0.777","0.0","0.8","0.449","0.214","0.495","0.431","0.685"
"['Allegiance']","0.2176","0.487059","0.090336","0.041987","0.367351","0.0","0.0","0.203","0.275","0.052","0.337","0.37","0.95"
"['title']","0.195241","0.430737","0.402514","0.051028","0.34085","0.0","0.0","0.0","0.763","0.682","0.177","0.065","0.364"
"['12/12/12']","0.05346","0.126857","0.099968","0.771301","0.669751","0.0","0.0","0.0","0.7","0.571","0.023","0.155","0.401"
"['2-Headed Shark Attack']","0.194198","0.38523","0.204615","0.064948","0.14139","0.709","0.0","0.668","0.893","0.365","0.116","0.064","0.552"
"['21 Jump Street']","0.066262","0.175518","0.059763","0.213668","0.733288","0.0","0.0","0.838","0.233","0.137","0.255","0.281","0.902"
"['28 Hotel Rooms']","0.188942","0.198944","0.149722","0.258763","0.253107","0.0","0.912","0.0","0.414","0.313","0.007","0.252","0.806"
"['3,2,1... Frankie Go Boom']","0.157645","0.159234","0.313686","0.438206","0.283985","0.0","0.0","0.0","0.4","0.544","0.296","0.232","0.473"
"['40 Days and Nights']","0.129848","0.570289","0.475499","0.046285","0.174915","0.0","0.0","0.179","0.114","0.604","0.25","0.901","0.837"
"['About Cherry']","0.246701","0.144987","0.185767","0.063363","0.189583","0.0","0.0","0.932","0.505","0.337","0.587","0.277","0.681"
"['Abraham Lincoln vs. Zombies']","0.227356","0.137851","0.584852","0.04757","0.258315","0.0","0.0","0.121","0.205","0.267","0.711","0.554","0.704"
"['Abraham Lincoln: Vampire Hunter']","0.273582","0.453105","0.485829","0.491845","0.017836","0.0","0.0","0.0","0.757","0.571","0.06","0.084","0.401"
"['Act of Valor']","0.077104","0.733188","0.31067","0.029229","0.422042","0.0","0.0","0.375","0.503","0.431","0.291","0.19","0.729"
"['After']","0.549003","0.107329","0.128207","0.246293","0.177565","0.0","0.0","0.359","0.087","0.895","0.379","0.567","0.864"
"['Air Collision']","0.628234","0.166142","0.061997","0.016647","0.479483","0.0","0.563","0.0","0.797","0.402","0.134","0.132","0.166"
"['Alex Cross']","0.563723","0.448337","0.317577","0.011224","0.228396","0.0","0.0","0.0","0.061","0.084","0.786","0.179","0.899"
"['Cross']","0.581166","0.035486","0.821873","0.119411","0.33298","0.0","0.0","0.431","0.074","0.233","0.057","0.48","0.898"
"['Alien Origin']","0.024426","0.967775","0.513442","0.022647","0.030044","0.777","0.0","0.8","0.449","0.214","0.495","0.431","0.685"
"['Allegiance']","0.093193","0.424662","0.26201","0.17049","0.196334","0.0","0.0","0.665","0.654","0.211","0.19","0.225","0.822"
"['12/12/12']","0.244338","0.142275","0.072658","0.515315","0.626505","0.0","0.0","0.665","0.129","0.099","0.674","0.568","0.593"
"['2-Headed Shark Attack']","0.194198","0.38523","0.204615","0.064948","0.14139","0.709","0.0","0.668","0.893","0.365","0.116","0.064","0.552"
"['21 Jump Street']","0.066262","0.175518","0.059763","0.213668","0.733288","0.0","0.0","0.838","0.233","0.137","0.255","0.281","0.902"
"['28 Hotel Rooms']","0.188942","0.198944","0.149722","0.258763","0.253107","0.0","0.912","0.0","0.414","0.313","0.007","0.252","0.806"
"['3,2,1... Frankie Go Boom']","0.157645","0.159234","0.313686","0.438206","0.283985","0.0","0.0","0.0","0.4","0.544","0.296","0.232","0.473"
"['40 Days and Nights']","0.129848","0.570289","0.475499","0.046285","0.174915","0.0","0.0","0.179","0.114","0.604","0.25","0.901","0.837"
"['About Cherry']","0.246701","0.144987","0.185767","0.063363","0.189583","0.0","0.0","0.932","0.505","0.337","0.587","0.277","0.681"
"['Abraham Lincoln vs. Zombies']","0.282697","0.140728","0.537636","0.042552","0.270859","0.0","0.0","0.528","0.193","0.2","0.661","0.305","0.765"
"['Abraham Lincoln: Vampire Hunter']","0.273582","0.453105","0.485829","0.491845","0.017836","0.0","0.0","0.0","0.757","0.571","0.06","0.084","0.401"
"['Act of Valor']","0.077104","0.733188","0.31067","0.029229","0.422042","0.0","0.0","0.375","0.503","0.431","0.291","0.19","0.729"
"['After']","0.157328","0.112045","0.316823","0.204274","0.171899","0.0","0.0","0.72","0.28","0.29","0.459","0.304","0.885"
"['Air Collision']","0.628234","0.166142","0.061997","0.016647","0.479483","0.0","0.563","0.0","0.797","0.402","0.134","0.132","0.166"
"['Alex Cross']","0.563723","0.448337","0.317577","0.011224","0.228396","0.0","0.0","0.0","0.061","0.084","0.786","0.179","0.899"
"['Alien Origin']","0.024426","0.967775","0.513442","0.022647","0.030044","0.777","0.0","0.8","0.449","0.214","0.495","0.431","0.685"
"['Allegiance']","0.154929","0.308299","0.130469","0.130012","0.169589","0.0","0.0","0.461","0.646","0.16","0.256","0.182","0.768"
"['American Reunion']","0.071832","0.491935","0.215697","0.089533","0.426063","0.0","0.0","0.562","0.22","0.296","0.587","0.639","0.646"
"['American Wedding']","0.156829","0.821249","0.028599","0.143271","0.217008","0.0","0.0","0.0","0.014","0.27","0.814","0.874","0.96"
"['Any Day Now']","0.662214","0.372043","0.409945","0.034642","0.493664","0.0","0.0","0.958","0.083","0.097","0.575","0.489","0.942"
"['Arbitrage']","0.057271","0.166279","0.057381","0.805478","0.04135","0.0","0.0","0.2","0.812","0.759","0.039","0.048","0.448"
"['Arcadia']","0.051129","0.196316","0.056165","0.14504","0.788863","0.0","0.0","0.808","0.218","0.013","0.143","0.043","0.991"
"['Argo']","0.189146","0.34661","0.17576","0.167344","0.383973","0.0","0.0","0.0","0.822","0.779","0.095","0.042","0.311"
"['ATM']","0.275847","0.034247","0.117887","0.061454","0.489076","0.0","0.0","0.0","0.27","0.444","0.402","0.601","0.717"
"['Bachelorette']","0.378984","0.396815","0.152102","0.06217","0.138132","0.0","0.0","0.746","0.19","0.533","0.915","0.823","0.447"
"['Bad Ass']","0.466134","0.538636","0.201628","0.029657","0.130035","0.0","0.502","0.0","0.076","0.011","0.953","0.234","0.964"
"['Bad Kids Go to Hell']","0.589543","0.521726","0.098088","0.01564","0.156899","0.0","0.707","0.0","0.091","0.013","0.944","0.356","0.918"
"['Barbie in A Mermaid Tale 2']","0.217183","0.291353","0.338871","0.219998","0.233141","0.0","0.0","0.0","0.989","0.843","0.121","0.275","0.17"
"['Barbie: The Princess and the Popstar']","0.338233","0.102056","0.303688","0.285079","0.261825","0.004","0.049","0.0","0.641","0.658","0.469","0.451","0.289"
"['Barricade']","0.083572","0.391323","0.41752","0.087909","0.092009","0.0","0.0","0.396","0.747","0.518","0.181","0.086","0.354"
"['Batman Revealed']","0.058916","0.032885","0.88612","0.077401","0.053206","0.0","0.0","0.0","0.727","0.231","0.393","0.055","0.833"
"['2 Guns']","0.474057","0.046331","0.971273","0.021664","0.010411","0.0","0.346","0.0","0.301","0.017","0.703","0.221","0.877"
"[""Let's Kill Ward's Wife""]","0.262482","0.142691","0.311082","0.06038","0.165091","0.0","0.0","0.861","0.035","0.015","0.965","0.859","0.936"
"['Paranormal Activity: The Marked Ones']","0.320763","0.152178","0.746188","0.043646","0.211914","0.0","0.0","0.629","0.61","0.368","0.161","0.071","0.81"
"['Batman: The Dark Knight Returns']","0.17303","0.313676","0.415159","0.073555","0.246551","0.0","0.0","0.0","0.431","0.813","0.293","0.428","0.327"
"['Battlefield America']","0.170836","0.644124","0.821388","0.01839","0.184872","0.0","0.778","0.0","0.063","0.085","0.845","0.85","0.803"
"['Battleship']","0.853856","0.42639","0.172231","0.019185","0.47287","0.0","0.0","0.148","0.143","0.183","0.607","0.576","0.855"
"['BearCity']","0.259111","0.542911","0.249771","0.056443","0.649473","0.0","0.0","0.553","0.521","0.223","0.174","0.351","0.764"
"['Beasts of the Southern Wild']","0.596749","0.051052","0.599859","0.018773","0.381387","0.0","0.0","0.086","0.825","0.727","0.314","0.198","0.188"
"['Beauty and the Beast 3D']","0.208389","0.061069","0.196118","0.177795","0.146133","0.0","0.0","0.257","0.419","0.481","0.39","0.54","0.884"
"['Being Flynn']","0.163575","0.535224","0.404072","0.036022","0.300334","0.0","0.225","0.0","0.29","0.148","0.631","0.444","0.828"
"['Another Bullshit Night in Suck City']","0.254975","0.337626","0.177207","0.209553","0.106802","0.0","0.0","0.0","0.227","0.024","0.62","0.467","0.963"
"['Ben Banks']","0.179768","0.261935","0.157067","0.193407","0.485108","0.0","0.0","0.0","0.961","0.163","0.085","0.053","0.833"
"['Bending the Rules']","0.028756","0.204767","0.607586","0.071654","0.046343","0.0","0.545","0.0","0.335","0.458","0.455","0.608","0.814"
"['Bernie']","0.186403","0.151602","0.032987","0.128052","0.679386","0.0","0.556","0.0","0.228","0.343","0.254","0.467","0.859"
"['Texas Monthly']","0.130581","0.289349","0.418448","0.116073","0.240184","0.0","0.0","0.923","0.323","0.768","0.323","0.516","0.855"
"['Best Man Down']","0.322274","0.226277","0.380061","0.235958","0.230494","0.0","0.0","0.858","0.117","0.944","0.856","0.954","0.201"
"['Beyond']","0.266247","0.310472","0.272809","0.02998","0.624598","0.0","0.0","0.441","0.373","0.358","0.344","0.185","0.818"
"['Big Miracle']","0.210597","0.288251","0.13871","0.399064","0.064282","0.0","0.0","0.565","0.257","0.083","0.675","0.712","0.827"
"['Big Top Scooby-Doo!']","0.303116","0.176481","0.326894","0.137216","0.320987","0.0","0.0","0.773","0.209","0.49","0.93","0.906","0.029"
"['Bill W']","0.129268","0.174306","0.344539","0.173954","0.224854","0.0","0.0","0.904","0.299","0.426","0.316","0.786","0.669"
"['Black Rock']","0.478538","0.334971","0.132175","0.016215","0.643397","0.33","0.0","0.895","0.162","0.02","0.705","0.232","0.933"
"['Border Run']","0.242549","0.490748","0.395576","0.078865","0.13409","0.0","0.0","0.743","0.275","0.658","0.563","0.474","0.601"
"['The Bourne Ultimatum']","0.166459","0.186572","0.260337","0.115976","0.295201","0.0","0.0","0.0","0.976","0.98","0.114","0.058","0.023"
"['Brake']","0.037186","0.027255","0.334136","0.790601","0.300583","0.0","0.882","0.0","0.417","0.917","0.863","0.701","0.236"
"['Branded']","0.572364","0.602464","0.134772","0.023811","0.216498","0.0","0.441","0.0","0.772","0.569","0.205","0.077","0.569"
"['Brave']","0.079993","0.072912","0.091088","0.116742","0.40496","0.0","0.654","0.0","0.343","0.823","0.711","0.645","0.354"
"['Breaking Wind']","0.073773","0.058336","0.330024","0.4422","0.317137","0.0","0.0","0.459","0.318","0.193","0.685","0.687","0.764"
"['Broken Roads']","0.053873","0.193074","0.691096","0.023292","0.346278","0.0","0.584","0.0","0.182","0.173","0.713","0.699","0.678"
"['Bully']","0.576309","0.286001","0.464301","0.018611","0.166397","0.0","0.0","0.54","0.145","0.055","0.917","0.474","0.659"
"['Butter']","0.234092","0.323519","0.211644","0.088675","0.097827","0.0","0.0","0.388","0.301","0.419","0.587","0.599","0.312"
"['12 Years a Slave']","0.125675","0.101942","0.511728","0.022938","0.601666","0.0","0.0","0.0","0.297","0.373","0.378","0.272","0.759"
"['20 Feet from Stardom']","0.108559","0.121648","0.079633","0.529637","0.43952","0.0","0.0","0.0","0.587","0.307","0.67","0.486","0.532"
"['21 and Over']","0.30554","0.41728","0.0682","0.077012","0.430295","0.0","0.0","0.522","0.217","0.434","0.51","0.686","0.491"
"['3 Geezers!']","0.219463","0.531405","0.168619","0.048381","0.339168","0.0","0.0","0.422","0.309","0.502","0.408","0.572","0.571"
"['42']","0.292693","0.183068","0.108712","0.136133","0.291704","0.0","0.0","0.328","0.381","0.49","0.027","0.25","0.75"
"['47 Ronin']","0.128545","0.621208","0.092677","0.324552","0.503534","0.0","0.764","0.0","0.507","0.856","0.088","0.301","0.117"
"['9 Full Moons']","0.174878","0.125085","0.228007","0.626859","0.092066","0.0","0.0","0.733","0.362","0.282","0.049","0.335","0.725"
"['Abandoned Mine']","0.179061","0.411532","0.722219","0.02199","0.281507","0.0","0.0","0.0","0.06","0.012","0.294","0.216","0.994"
"['A.C.O.D.']","0.204188","0.376087","0.104131","0.084136","0.259737","0.0","0.0","0.021","0.845","0.384","0.269","0.01","0.639"
"['Admission']","0.183611","0.221298","0.130318","0.38267","0.281241","0.0","0.0","0.0","0.844","0.788","0.034","0.038","0.384"
"['After Earth']","0.080908","0.570292","0.234197","0.115822","0.066883","0.0","0.0","0.0","0.7","0.866","0.183","0.19","0.212"
"['Aftershock']","0.475345","0.056816","0.81079","0.021432","0.333702","0.0","0.0","0.847","0.256","0.088","0.314","0.199","0.94"
"[""Ain't Them Bodies Saints""]","0.090423","0.243995","0.125913","0.68694","0.138981","0.0","0.622","0.0","0.445","0.416","0.716","0.219","0.641"
"['All Is Lost']","0.517697","0.507892","0.12555","0.029354","0.039417","0.0","0.791","0.0","0.018","0.008","0.972","0.614","0.952"
"['Alone yet Not Alone']","0.89822","0.034951","0.525151","0.029924","0.347673","0.0","0.0","0.41","0.062","0.01","0.652","0.269","0.987"
"['American Hustle']","0.175183","0.325996","0.120742","0.136751","0.391778","0.0","0.0","0.091","0.813","0.541","0.158","0.048","0.573"
"['Anchorman 2: The Legend Continues']","0.116254","0.341165","0.286377","0.336303","0.187006","0.0","0.0","0.0","0.658","0.897","0.122","0.243","0.239"
"['Anchorman: The Legend of Ron Burgundy']","0.114051","0.322695","0.280851","0.327258","0.34059","0.0","0.0","0.0","0.919","0.553","0.238","0.111","0.39"
"['Angels Sing']","0.050441","0.003555","0.026129","0.987196","0.00886","0.0","0.854","0.0","0.631","0.867","0.98","0.941","0.02"
"['Apocalypse Earth']","0.420818","0.259977","0.549701","0.026476","0.431124","0.0","0.0","0.772","0.332","0.01","0.757","0.091","0.965"
"['At Any Price']","0.224735","0.166857","0.556471","0.096268","0.070255","0.0","0.0","0.96","0.854","0.876","0.201","0.149","0.326"
"['Artifact']","0.427011","0.129919","0.498329","0.054867","0.238939","0.0","0.0","0.777","0.727","0.29","0.345","0.131","0.825"
"['This Is War']","0.237422","0.92551","0.98572","0.018111","0.067953","0.0","0.0","0.323","0.594","0.093","0.616","0.221","0.856"
"['Ass Backwards']","0.523424","0.92019","0.069022","0.013832","0.223058","0.0","0.0","0.267","0.208","0.086","0.641","0.279","0.917"
"['Assault on Wall Street']","0.730614","0.321355","0.481887","0.016681","0.016099","0.0","0.0","0.062","0.519","0.013","0.544","0.002","0.947"
"['August: Osage County']","0.540042","0.283358","0.470371","0.018416","0.362807","0.907","0.266","0.0","0.048","0.242","0.895","0.887","0.862"
"['Baggage Claim']","0.897423","0.747132","0.241248","0.01826","0.114979","0.0","0.0","0.755","0.218","0.187","0.89","0.601","0.613"
"['Battle of the Year']","0.345578","0.335046","0.205575","0.035358","0.409304","0.0","0.0","0.0","0.877","0.93","0.294","0.313","0.204"
"['Planet B-Boy']","0.105093","0.19724","0.431033","0.289462","0.153137","0.0","0.0","0.0","0.68","0.965","0.329","0.353","0.079"
"['Beautiful Creatures']","0.026577","0.451451","0.019085","0.409765","0.325251","0.0","0.0","0.633","0.006","0.026","0.989","0.979","0.954"
"['Match']","0.443126","0.33909","0.144017","0.047747","0.097237","0.0","0.0","0.023","0.668","0.708","0.34","0.206","0.339"
"['Blackhat']","0.212621","0.286445","0.269228","0.092243","0.187559","0.0","0.59","0.0","0.759","0.386","0.349","0.125","0.469"
"['Little Accidents']","0.038747","0.050284","0.331979","0.06038","0.406425","0.0","0.0","0.858","0.291","0.484","0.624","0.363","0.3"
"['Spare Parts']","0.360135","0.146135","0.368309","0.060515","0.293091","0.539","0.0","0.753","0.649","0.138","0.215","0.066","0.916"
"['The Wedding Ringer']","0.263927","0.320396","0.271332","0.033079","0.530064","0.0","0.925","0.0","0.184","0.299","0.764","0.356","0.705"
"['Vice']","0.080694","0.124202","0.154316","0.198117","0.167162","0.0","0.0","0.216","0.367","0.497","0.626","0.475","0.594"
"['Veronika Decides to Die']","0.051007","0.151837","0.689816","0.020395","0.35721","0.986","0.961","0.0","0.941","0.213","0.257","0.051","0.601"
"['The Boy Next Door']","0.202748","0.471326","0.033293","0.077628","0.086943","0.0","0.0","0.006","0.441","0.491","0.668","0.384","0.384"
"['Cake']","0.029992","0.234162","0.04943","0.825009","0.088104","0.0","0.0","0.685","0.609","0.673","0.697","0.328","0.444"
"['The Humbling']","0.395157","0.353943","0.226403","0.030769","0.469606","0.0","0.447","0.0","0.285","0.204","0.579","0.525","0.886"
"['Mortdecai']","0.442141","0.378034","0.042362","0.609784","0.037947","0.0","0.0","0.0","0.818","0.921","0.134","0.058","0.212"
"['Song One']","0.102806","0.057115","0.041171","0.163112","0.052017","0.0","0.0","0.777","0.061","0.146","0.63","0.858","0.805"
"['Strange Magic']","0.489807","0.016377","0.166753","0.5536","0.099289","0.0","0.117","0.0","0.492","0.069","0.462","0.073","0.883"
"[""We'll Never Have Paris""]","0.187581","0.214117","0.235439","0.31722","0.22673","0.0","0.978","0.0","0.038","0.056","0.755","0.779","0.951"
"['Black or White']","0.295769","0.372079","0.017987","0.038862","0.29281","0.0","0.0","0.962","0.075","0.008","0.771","0.405","0.978"
"['Project Almanac']","0.322503","0.375171","0.128768","0.19149","0.230986","0.0","0.0","0.149","0.566","0.367","0.376","0.09","0.703"
"['Wild Card']","0.106146","0.270573","0.405855","0.240766","0.227485","0.0","0.0","0.0","0.648","0.964","0.005","0.079","0.113"
"['Enter the Dangerous Mind']","0.192977","0.310744","0.516717","0.137303","0.250695","0.0","0.0","0.0","0.365","0.043","0.044","0.01","0.909"
"['Jupiter Ascending']","0.540584","0.011704","0.069668","0.787381","0.047427","0.0","0.0","0.0","0.777","0.96","0.091","0.092","0.269"
"['Seventh Son']","0.088025","0.219257","0.107916","0.577279","0.47149","0.0","0.0","0.0","0.632","0.614","0.033","0.155","0.384"
"['The SpongeBob Movie: Sponge Out of Water']","0.104799","0.300479","0.668588","0.044723","0.416634","0.0","0.0","0.0","0.747","0.786","0.309","0.473","0.1"
"['The Voices']","0.163597","0.245142","0.055463","0.213634","0.062316","0.0","0.0","0.71","0.095","0.449","0.958","0.922","0.184"
"['Accidental Love']","0.077391","0.054991","0.932699","0.023615","0.023885","0.0","0.4","0.0","0.175","0.395","0.893","0.679","0.865"
"['Da Sweet Blood of Jesus']","0.028315","0.038229","0.737735","0.359161","0.054602","0.0","0.0","0.025","0.394","0.127","0.911","0.44","0.514"
"['Fifty Shades of Grey']","0.437376","0.640826","0.161702","0.010163","0.374063","0.0","0.79","0.0","0.796","0.319","0.049","0.034","0.853"
"['Kingsman: The Secret Service']","0.378223","0.574004","0.06398","0.057066","0.135457","0.0","0.0","0.834","0.316","0.388","0.595","0.331","0.913"
"['The Secret Service']","0.458434","0.570512","0.773835","0.019771","0.159384","0.0","0.0","0.79","0.491","0.026","0.691","0.133","0.907"
"['The Last 5 Years']","0.768662","0.115006","0.028497","0.231865","0.192438","0.0","0.0","0.936","0.354","0.336","0.136","0.295","0.959"
"['The DUFF']","0.218647","0.075575","0.302002","0.426716","0.071195","0.0","0.0","0.25","0.316","0.518","0.488","0.506","0.774"
"['Hot Tub Time Machine 2']","0.927768","0.030258","0.063543","0.084787","0.09625","0.001","0.005","0.0","0.75","0.674","0.21","0.115","0.499"
"['Hot Tub Time Machine']","0.939992","0.019049","0.098563","0.03015","0.105549","0.001","0.004","0.0","0.762","0.731","0.21","0.14","0.385"
"['McFarland, USA']","0.494444","0.095696","0.232503","0.325805","0.278425","0.0","0.771","0.0","0.286","0.203","0.487","0.458","0.898"
"['Everly']","0.131269","0.126387","0.114686","0.517048","0.310349","0.0","0.905","0.0","0.018","0.342","0.974","0.961","0.525"
"['Focus']","0.128569","0.249151","0.733161","0.036994","0.184311","0.0","0.298","0.0","0.359","0.098","0.479","0.261","0.802"
"['The Lazarus Effect']","0.088596","0.050299","0.554731","0.294669","0.126208","0.801","0.0","0.18","0.443","0.198","0.482","0.347","0.815"
"['Paranormal Activity 4']","0.960186","0.037847","0.018366","0.007754","0.700215","0.0","0.925","0.0","0.654","0.072","0.618","0.109","0.853"
"['Open Grave']","0.062434","0.034979","0.721481","0.073459","0.181379","0.0","0.0","0.917","0.648","0.026","0.564","0.156","0.956"
"['Cold Comes the Night']","0.64411","0.073674","0.092821","0.165492","0.11725","0.365","0.388","0.0","0.493","0.764","0.478","0.468","0.559"
"['Dumbbells']","0.215998","0.458494","0.162374","0.145408","0.142199","0.0","0.0","0.0","0.201","0.001","0.866","0.0","0.984"
"['The Legend of Hercules']","0.119909","0.573443","0.284674","0.25602","0.33849","0.0","0.0","0.322","0.691","0.84","0.706","0.629","0.146"
"['Raze']","0.549711","0.256783","0.268534","0.039558","0.294143","0.427","0.814","0.0","0.626","0.298","0.146","0.232","0.598"
"['Back in the Day']","0.219088","0.091225","0.208","0.105109","0.608042","0.024","0.658","0.0","0.192","0.79","0.792","0.914","0.766"
"[""Devil's Due""]","0.521318","0.461293","0.210821","0.008817","0.461829","0.0","0.0","0.773","0.539","0.025","0.553","0.062","0.977"
"['Jack Ryan: Shadow Recruit']","0.113606","0.233253","0.321083","0.445254","0.235359","0.0","0.0","0.0","0.802","0.809","0.272","0.071","0.275"
"['Jamesy Boy']","0.15385","0.646721","0.057003","0.031029","0.127284","0.0","0.0","0.0","0.032","0.018","0.943","0.534","0.87"
"['The Nut Job']","0.32159","0.977053","0.608117","0.016509","0.043199","0.043","0.416","0.0","0.404","0.159","0.616","0.33","0.53"
"['Ride Along']","0.403824","0.098863","0.191165","0.287477","0.099628","0.0","0.0","0.01","0.619","0.425","0.542","0.436","0.498"
"['I, Frankenstein']","0.53088","0.042548","0.157745","0.061585","0.14463","0.0","0.0","0.782","0.055","0.091","0.645","0.561","0.971"
"['Labor Day']","0.045613","0.020222","0.071082","0.916273","0.089746","0.075","0.888","0.0","0.201","0.867","0.171","0.714","0.613"
"['That Awkward Moment']","0.430565","0.71577","0.197421","0.016356","0.47306","0.0","0.0","0.33","0.1","0.19","0.85","0.691","0.242"
"['Somewhere Slow']","0.828885","0.25018","0.698196","0.026828","0.09202","0.0","0.0","0.909","0.131","0.043","0.48","0.262","0.945"
"['The Monuments Men']","0.066499","0.548689","0.21758","0.318907","0.291137","0.0","0.0","0.0","0.757","0.403","0.728","0.15","0.138"
"['The Outsider']","0.225978","0.585995","0.894872","0.014987","0.325588","0.0","0.0","0.931","0.35","0.137","0.48","0.386","0.734"
"['Scorned']","0.507509","0.475716","0.181164","0.014172","0.015043","0.0","0.0","0.683","0.286","0.023","0.731","0.061","0.925"
"['After the Dark']","0.097216","0.058464","0.183418","0.075322","0.119817","0.0","0.0","0.423","0.471","0.599","0.592","0.485","0.269"
"['Nurse 3D']","0.486429","0.139228","0.132508","0.620563","0.0149","0.0","0.0","0.0","0.637","0.693","0.001","0.322","0.384"
"['The Pretty One']","0.18086","0.04018","0.042123","0.631433","0.036024","0.0","0.0","0.649","0.161","0.104","0.565","0.482","0.942"
"['About Last Night']","0.412979","0.219741","0.183519","0.032247","0.685949","0.0","0.495","0.0","0.067","0.638","0.747","0.918","0.866"
"['Sexual Perversity in Chicago']","0.069578","0.313997","0.328735","0.642876","0.167514","0.0","0.69","0.0","0.961","0.731","0.667","0.305","0.18"
"['Adult World']","0.347509","0.615786","0.118029","0.035681","0.321218","0.0","0.501","0.0","0.093","0.022","0.989","0.583","0.737"
"['Camp Takota']","0.024058","0.059988","0.151842","0.173412","0.396367","0.0","0.0","0.304","0.071","0.125","0.686","0.577","0.928"
"['Date and Switch']","0.656121","0.121841","0.032179","0.022842","0.331174","0.0","0.0","0.69","0.264","0.144","0.653","0.569","0.864"
"['Endless Love']","0.043744","0.015432","0.020013","0.818807","0.02262","0.0","0.0","0.0","0.053","0.282","0.978","0.925","0.852"
"['film of the same name']","0.089217","0.255885","0.477219","0.142457","0.230941","0.0","0.0","0.0","0.899","0.85","0.286","0.201","0.177"
"['RoboCop']","0.242371","0.173414","0.309495","0.241753","0.239007","0.0","0.0","0.0","0.22","0.929","0.24","0.477","0.75"
"['Someone Marry Barry']","0.027666","0.169624","0.560102","0.36063","0.1","0.149","0.0","0.939","0.118","0.081","0.853","0.89","0.705"
"['Apocalypse Pompeii']","0.386632","0.20992","0.322988","0.194916","0.110642","0.0","0.0","0.0","0.766","0.162","0.269","0.001","0.782"
"['3 Days to Kill']","0.106879","0.058866","0.721811","0.031622","0.824098","0.0","0.0","0.75","0.139","0.017","0.458","0.177","0.941"
"['Angels in Stardust']","0.127101","0.031935","0.730027","0.252845","0.224609","0.292","0.0","0.483","0.597","0.618","0.835","0.547","0.074"
"['Barefoot']","0.348196","0.759473","0.433713","0.021114","0.100327","0.0","0.0","0.462","0.758","0.631","0.464","0.24","0.574"
"['California Solo']","0.025332","0.146477","0.232411","0.764348","0.30487","0.0","0.068","0.0","0.505","0.347","0.541","0.189","0.533"
"['California Winter']","0.867377","0.123618","0.049205","0.035844","0.40387","0.0","0.0","0.571","0.145","0.816","0.373","0.631","0.799"
"['Call Me Kuchu']","0.174773","0.260946","0.473972","0.267561","0.201875","0.0","0.0","0.0","0.35","0.517","0.578","0.306","0.479"
"['Caroline and Jackie']","0.039152","0.036157","0.048324","0.992136","0.007783","0.553","0.0","0.763","0.369","0.623","0.716","0.838","0.261"
"['Casa de Mi Padre']","0.100092","0.474868","0.126031","0.513258","0.116235","0.0","0.0","0.0","0.906","0.766","0.088","0.029","0.362"
"['Celeste and Jesse Forever']","0.281584","0.026157","0.176245","0.300449","0.404862","0.088","0.967","0.0","0.406","0.155","0.461","0.387","0.949"
"['Changing the Game']","0.519629","0.129395","0.180713","0.123656","0.274432","0.0","0.0","0.0","0.859","0.863","0.741","0.636","0.138"
"['Chasing Ice']","0.538895","0.357063","0.141504","0.019499","0.161419","0.0","0.0","0.375","0.3","0.362","0.682","0.566","0.312"
"['Chasing Mavericks']","0.055032","0.021291","0.041745","0.341918","0.161676","0.0","0.0","0.44","0.344","0.161","0.37","0.36","0.769"
"['Chernobyl Diaries']","0.129771","0.185719","0.133179","0.1034","0.07161","0.0","0.096","0.0","0.337","0.041","0.593","0.105","0.933"
"['A Christmas Story']","0.025375","0.482","0.537549","0.255832","0.2534","0.0","0.0","0.745","0.098","0.067","0.889","0.809","0.872"
"['Christmas with the Dead']","0.473827","0.504584","0.178066","0.022921","0.2236","0.0","0.0","0.014","0.747","0.196","0.454","0.363","0.539"
"['Christmas with the Dead']","0.473827","0.504584","0.178066","0.022921","0.2236","0.0","0.0","0.014","0.747","0.196","0.454","0.363","0.539"
"['Chronicle']","0.128819","0.397766","0.186571","0.203682","0.40741","0.0","0.0","0.0","0.817","0.571","0.157","0.012","0.401"
"['Cloud Atlas']","0.111406","0.387141","0.146528","0.101766","0.545998","0.0","0.0","0.685","0.208","0.069","0.842","0.523","0.592"
"['Come Morning']","0.110818","0.028961","0.280969","0.398078","0.078364","0.0","0.0","0.459","0.214","0.413","0.778","0.804","0.527"
"['Compliance']","0.456241","0.318495","0.518785","0.03924","0.061565","0.0","0.0","0.178","0.679","0.783","0.052","0.628","0.525"
"['Contraband']","0.274263","0.216487","0.113337","0.057208","0.032239","0.0","0.0","0.019","0.274","0.396","0.778","0.561","0.316"
"[""Cowgirls 'n Angels""]","0.047213","0.035802","0.159494","0.90727","0.259355","0.0","0.0","0.0","0.466","0.985","0.579","0.825","0.017"
"['Crave']","0.173368","0.4211","0.065698","0.038825","0.256858","0.0","0.0","0.598","0.051","0.11","0.831","0.566","0.891"
"['Crazy Eyes']","0.430576","0.222147","0.415159","0.023825","0.602204","0.0","0.0","0.905","0.046","0.038","0.981","0.879","0.839"
"['Crooked Arrows']","0.310054","0.252044","0.264115","0.044133","0.65871","0.0","0.0","0.0","0.366","0.342","0.609","0.686","0.543"
"['Damsels in Distress']","0.410561","0.722824","0.138749","0.014327","0.533983","0.0","0.0","0.459","0.175","0.016","0.941","0.419","0.975"
"['The Dark Knight']","0.100332","0.033007","0.284853","0.530073","0.365209","0.0","0.0","0.0","0.96","0.825","0.041","0.025","0.299"
"['Dark Shadows']","0.27328","0.008705","0.375159","0.106964","0.685171","0.0","0.0","0.697","0.624","0.322","0.479","0.22","0.593"
"['Dark Tide']","0.094245","0.657766","0.291359","0.032856","0.41512","0.0","0.0","0.0","0.982","0.827","0.058","0.059","0.232"
"['Darling Companion']","0.200907","0.016595","0.015348","0.948949","0.017002","0.0","0.0","0.315","0.03","0.43","0.98","0.983","0.381"
"['Day One']","0.317033","0.049878","0.062577","0.300992","0.090354","0.0","0.468","0.0","0.175","0.35","0.429","0.65","0.78"
"['Dead Before Dawn']","0.784338","0.030712","0.071799","0.052708","0.13214","0.0","0.0","0.0","0.379","0.26","0.5","0.282","0.89"
"['Deadfall']","0.283892","0.079475","0.118677","0.546296","0.119002","0.0","0.0","0.984","0.589","0.325","0.002","0.103","0.896"
"['Deadline']","0.217194","0.299846","0.386107","0.116633","0.484757","0.866","0.0","0.981","0.908","0.855","0.055","0.102","0.208"
"['Death Race 3: Inferno']","0.193851","0.696773","0.460827","0.028272","0.245801","0.0","0.0","0.0","0.908","0.295","0.357","0.184","0.515"
"['Death Race 2']","0.348605","0.685423","0.0251","0.010952","0.021822","0.0","0.291","0.0","0.958","0.338","0.179","0.068","0.293"
"['Deep Dark Canyon']","0.110567","0.104367","0.438618","0.107592","0.509298","0.0","0.0","0.0","0.817","0.571","0.157","0.012","0.401"
"['Detachment']","0.453805","0.642","0.114108","0.032164","0.140619","0.402","0.0","0.143","0.606","0.165","0.415","0.143","0.736"
"['Detention of the Dead']","0.221506","0.297134","0.337081","0.078065","0.575253","0.0","0.037","0.0","0.424","0.483","0.5","0.4","0.372"
"['Before Midnight']","0.080474","0.027222","0.530559","0.457563","0.184212","0.0","0.0","0.0","0.314","0.922","0.265","0.724","0.663"
"['Before Sunset']","0.185191","0.417917","0.270448","0.107131","0.419052","0.0","0.574","0.0","0.045","0.077","0.747","0.59","0.891"
"['Behind the Candelabra']","0.01907","0.580975","0.645042","0.06025","0.121321","0.0","0.0","0.549","0.72","0.853","0.5","0.386","0.037"
"['Beneath']","0.233674","0.591972","0.360973","0.022619","0.08123","0.0","0.186","0.0","0.088","0.125","0.917","0.917","0.808"
"['Beside Still Waters']","0.333048","0.140113","0.053682","0.116827","0.028942","0.185","0.0","0.0","0.067","0.261","0.787","0.883","0.88"
"['Best Kept Secret']","0.187476","0.092184","0.334114","0.337807","0.399388","0.521","0.0","0.759","0.338","0.851","0.327","0.59","0.794"
"['Best Man Down']","0.367895","0.23217","0.451698","0.203328","0.201113","0.0","0.0","0.866","0.128","0.942","0.822","0.944","0.191"
"['The Best Man']","0.106889","0.086285","0.071655","0.133251","0.151887","0.0","0.0","0.393","0.055","0.743","0.915","0.914","0.546"
"['Big Ass Spider!']","0.023056","0.981677","0.935704","0.046321","0.02015","0.0","0.0","0.408","0.089","0.056","0.841","0.745","0.954"
"['Big Sur']","0.086218","0.074785","0.186461","0.71675","0.178053","0.0","0.0","0.0","0.542","0.682","0.491","0.23","0.484"
"['Black Nativity']","0.418097","0.288611","0.149314","0.041267","0.516652","0.0","0.0","0.0","0.547","0.364","0.71","0.174","0.038"
"['The Nativity']","0.353716","0.172604","0.081283","0.224752","0.600789","0.0","0.782","0.0","0.353","0.203","0.751","0.287","0.827"
"['Black Rock']","0.479998","0.254364","0.159445","0.026357","0.480844","0.0","0.0","0.866","0.181","0.031","0.596","0.223","0.913"
"['Bless Me, Ultima']","0.044503","0.017771","0.011028","0.991778","0.028123","0.0","0.708","0.0","0.097","0.301","0.525","0.503","0.957"
"['Blue Caprice']","0.194041","0.096106","0.085786","0.212203","0.724998","0.0","0.0","0.763","0.406","0.291","0.305","0.341","0.745"
"['Blue Jasmine']","0.097325","0.297879","0.046","0.443829","0.487902","0.0","0.0","0.0","0.817","0.571","0.157","0.012","0.401"
"['Blue Ruin']","0.156787","0.06266","0.329587","0.027055","0.907904","0.373","0.0","0.846","0.19","0.031","0.394","0.27","0.977"
"['Bounty Killer']","0.149423","0.105221","0.416524","0.206857","0.226805","0.0","0.0","0.0","0.846","0.114","0.265","0.0","0.766"
"['Breathe In']","0.475055","0.176498","0.332418","0.073001","0.293993","0.0","0.0","0.37","0.084","0.04","0.968","0.927","0.934"
"['Bridegroom']","0.145406","0.274632","0.031254","0.199582","0.068805","0.0","0.0","0.0","0.079","0.528","0.977","0.871","0.048"
"['Broken City']","0.247677","0.116163","0.258904","0.062465","0.425678","0.0","0.0","0.372","0.287","0.387","0.696","0.746","0.384"
"['Bullet to the Head']","0.822046","0.466851","0.400613","0.019199","0.138226","0.0","0.0","0.56","0.215","0.141","0.778","0.395","0.837"
"['C.O.G.']","0.286853","0.249026","0.167079","0.333704","0.420505","0.0","0.0","0.0","0.903","0.842","0.156","0.035","0.278"
"['Can a Song Save Your Life?']","0.048526","0.08468","0.050105","0.842242","0.190537","0.0","0.0","0.0","0.102","0.59","0.987","0.884","0.0"
"['Captain Phillips']","0.307265","0.099469","0.14373","0.087822","0.379409","0.0","0.0","0.254","0.042","0.036","0.746","0.364","0.955"
"['Carrie']","0.142385","0.031312","0.088183","0.63081","0.454856","0.0","0.0","0.698","0.234","0.225","0.447","0.278","0.934"
"['CBGB']","0.045881","0.348508","0.243356","0.244658","0.473854","0.0","0.0","0.0","0.437","0.312","0.092","0.299","0.762"
"['Charlie Countryman']","0.027368","0.18557","0.28819","0.10098","0.142115","0.0","0.877","0.0","0.607","0.381","0.564","0.231","0.672"
"[""Cheech & Chong's Animated Movie""]","0.357901","0.400135","0.112468","0.082121","0.235925","0.0","0.0","0.0","0.629","0.574","0.041","0.141","0.488"
"['Cloudy with a Chance of Meatballs 2']","0.21196","0.220045","0.321519","0.124538","0.743217","0.0","0.0","0.98","0.901","0.683","0.227","0.392","0.294"
"['Cloudy with a Chance of Meatballs']","0.243585","0.128898","0.338812","0.039199","0.88075","0.0","0.0","0.763","0.52","0.674","0.436","0.565","0.584"
"['Coffin Baby']","0.015319","0.185578","0.718799","0.02132","0.100093","0.0","0.0","0.234","0.137","0.053","0.963","0.705","0.451"
"['Maps to the Stars']","0.114889","0.019561","0.10033","0.7623","0.046738","0.368","0.0","0.582","0.53","0.34","0.313","0.208","0.737"
"['Out of the Dark']","0.257782","0.417915","0.585154","0.032142","0.309271","0.0","0.0","0.33","0.648","0.219","0.404","0.346","0.743"
"['Bad Asses on the Bayou']","0.400931","0.474185","0.234106","0.010009","0.254892","0.0","0.0","0.0","0.716","0.115","0.272","0.052","0.603"
"['Bad Asses']","0.499459","0.785872","0.126372","0.020478","0.098485","0.0","0.0","0.721","0.027","0.007","0.977","0.552","0.946"
"['Chappie']","0.361966","0.261983","0.040753","0.166055","0.347282","0.0","0.252","0.0","0.119","0.038","0.517","0.406","0.898"
"['Road Hard']","0.259131","0.015614","0.092117","0.298652","0.393547","0.0","0.0","0.531","0.17","0.031","0.304","0.246","0.975"
"['Unfinished Business']","0.197461","0.114973","0.05851","0.628926","0.219306","0.0","0.0","0.84","0.121","0.602","0.519","0.475","0.345"
"['Cinderella']","0.054315","0.122709","0.370607","0.289263","0.271924","0.0","0.0","0.133","0.643","0.467","0.161","0.222","0.714"
"['The Cobbler']","0.147916","0.447691","0.398522","0.454776","0.024065","0.0","0.256","0.0","0.885","0.772","0.304","0.07","0.294"
"['Cymbeline']","0.04726","0.031114","0.18872","0.660897","0.133434","0.0","0.677","0.0","0.559","0.456","0.501","0.27","0.719"
"['Home Sweet Hell']","0.483444","0.026249","0.054808","0.512681","0.022502","0.0","0.0","0.0","0.119","0.114","0.668","0.194","0.882"
"['It Follows']","0.195825","0.065922","0.269259","0.081372","0.126692","0.0","0.089","0.0","0.127","0.432","0.366","0.532","0.761"
"['Muck']","0.282423","0.584058","0.077737","0.030622","0.499281","0.0","0.064","0.0","0.191","0.383","0.451","0.645","0.9"
"['Run All Night']","0.420418","0.039201","0.691477","0.042956","0.448498","0.0","0.857","0.0","0.091","0.285","0.566","0.717","0.888"
"['Danny Collins']","0.263896","0.381171","0.291887","0.078867","0.529922","0.13","0.0","0.798","0.037","0.57","0.863","0.92","0.865"
"['The Divergent Series: Insurgent']","0.693177","0.196158","0.398669","0.028629","0.25123","0.559","0.0","0.0","0.741","0.931","0.049","0.111","0.426"
"['Insurgent']","0.308284","0.29947","0.517292","0.033621","0.409001","0.745","0.0","0.0","0.193","0.03","0.52","0.25","0.911"
"['Do You Believe']","0.127713","0.658718","0.621695","0.028986","0.12825","0.0","0.0","0.976","0.035","0.021","0.959","0.764","0.791"
"['The Gunman']","0.308633","0.603943","0.424966","0.016465","0.252574","0.0","0.0","0.0","0.903","0.629","0.509","0.168","0.058"
"['Tracers']","0.746805","0.379356","0.107043","0.022497","0.477798","0.0","0.0","0.081","0.055","0.103","0.608","0.554","0.943"
"['The Walking Deceased']","0.551668","0.113796","0.303879","0.031494","0.417055","0.0","0.0","0.931","0.421","0.049","0.421","0.395","0.82"
"['Get Hard']","0.159852","0.126393","0.358277","0.068636","0.497679","0.0","0.0","0.925","0.259","0.503","0.534","0.558","0.73"
"['Home']","0.089162","0.299786","0.112444","0.283884","0.200881","0.0","0.0","0.608","0.252","0.362","0.373","0.685","0.798"
"['The True Meaning of Smekday']","0.098149","0.373846","0.327414","0.196616","0.299483","0.446","0.0","0.813","0.668","0.475","0.521","0.237","0.738"
"['Serena']","0.266419","0.625641","0.087187","0.239936","0.052739","0.0","0.0","0.0","0.685","0.448","0.479","0.066","0.544"
"[""While We're Young""]","0.006543","0.012959","0.038613","0.985088","0.037861","0.0","0.0","0.0","0.027","0.865","0.785","0.952","0.284"
"['Furious 7']","0.254475","0.144208","0.063531","0.113794","0.097064","0.0","0.0","0.0","0.328","0.001","0.151","0.001","0.991"
"['Fast & Furious 6']","0.56005","0.493444","0.130007","0.025023","0.03166","0.0","0.0","0.0","0.362","0.012","0.126","0.06","0.98"
"['Woman in Gold']","0.083071","0.1615","0.075968","0.464238","0.163806","0.0","0.0","0.805","0.631","0.5","0.878","0.665","0.149"
"['The Longest Ride']","0.012824","0.011057","0.020846","1.0","0.065377","0.0","0.0","0.739","0.068","0.073","0.861","0.768","0.943"
"['Lost River']","0.247149","0.209013","0.701642","0.019194","0.394406","0.0","0.849","0.0","0.492","0.162","0.328","0.242","0.873"
"['1915']","0.158726","0.256951","0.369473","0.246362","0.44533","0.0","0.0","0.0","0.582","0.071","0.021","0.171","0.853"
"['Alex of Venice']","0.095827","0.511483","0.163916","0.609749","0.137006","0.0","0.0","0.032","0.534","0.427","0.62","0.214","0.335"
"['Beyond the Reach']","0.181187","0.040752","0.356632","0.057985","0.09442","0.0","0.0","0.617","0.399","0.175","0.794","0.525","0.663"
"['Deathwatch']","0.542078","0.251884","0.529178","0.021062","0.352686","0.039","0.0","0.156","0.3","0.087","0.384","0.241","0.826"
"['Barfuss']","0.027269","0.074623","0.454093","0.039418","0.353617","0.0","0.0","0.0","0.981","0.654","0.135","0.031","0.258"
"['Holy Ghost People']","0.029654","0.290422","0.876764","0.033592","0.021823","0.0","0.0","0.0","0.264","0.178","0.96","0.564","0.439"
"['The Bag Man']","0.118524","0.470677","0.344093","0.185034","0.026766","0.0","0.324","0.0","0.507","0.679","0.819","0.572","0.16"
"['Non-Stop']","0.618429","0.461203","0.073955","0.153581","0.1061","0.0","0.0","0.642","0.25","0.487","0.539","0.304","0.807"
"['Repentance']","0.083312","0.021885","0.566513","0.219546","0.015601","0.0","0.0","0.127","0.32","0.442","0.945","0.398","0.346"
"['Son of God']","0.009737","0.016016","0.850665","0.844344","0.021087","0.0","0.416","0.0","0.065","0.76","0.953","0.965","0.795"
"['New Testament']","0.761914","0.752248","0.274411","0.026821","0.178317","0.0","0.0","0.0","0.44","0.73","0.736","0.392","0.538"
"['300: Rise of an Empire']","0.2164","0.258205","0.26353","0.168852","0.338849","0.0","0.0","0.0","0.895","0.831","0.096","0.302","0.17"
"['300']","0.210701","0.186273","0.127533","0.093176","0.280355","0.0","0.0","0.0","0.607","0.182","0.054","0.128","0.767"
"['Mr. Peabody & Sherman']","0.013495","0.052854","0.266519","0.84688","0.131718","0.0","0.0","0.631","0.419","0.318","0.328","0.299","0.84"
"['Better Living Through Chemistry']","0.131173","0.123728","0.833","0.106602","0.417382","0.0","0.0","0.139","0.449","0.813","0.25","0.71","0.692"
"['Need for Speed']","0.369986","0.139671","0.313937","0.329099","0.116445","0.0","0.835","0.0","0.523","0.368","0.254","0.175","0.847"
"['The Single Moms Club']","0.091233","0.275754","0.553012","0.455358","0.139853","0.0","0.902","0.0","0.114","0.307","0.926","0.968","0.767"
"['Veronica Mars']","0.194711","0.379991","0.034245","0.318236","0.210256","0.0","0.0","0.496","0.4","0.326","0.554","0.435","0.737"
"['Cheap Thrills (film)']","0.036613","0.182726","0.366008","0.287838","0.086728","0.0","0.0","0.444","0.334","0.738","0.429","0.182","0.463"
"['Divergent']","0.224084","0.188443","0.470746","0.02711","0.203686","0.0","0.0","0.0","0.037","0.663","0.904","0.98","0.72"
"[""God's Not Dead""]","0.01585","0.015077","0.978795","0.087333","0.009506","0.0","0.899","0.0","0.407","0.018","0.802","0.097","0.823"
"['Muppets Most Wanted']","0.505058","0.023204","0.746233","0.191","0.066285","0.0","0.0","0.358","0.018","0.009","0.992","0.817","0.754"
"['The Muppets']","0.688797","0.198357","0.06763","0.02606","0.458244","0.0","0.0","0.951","0.053","0.012","0.27","0.075","0.991"
"['Noah']","0.141783","0.059792","0.141145","0.518168","0.157188","0.0","0.0","0.0","0.726","0.743","0.539","0.192","0.131"
"['Sabotage']","0.43074","0.552218","0.237283","0.11425","0.066569","0.0","0.0","0.95","0.86","0.524","0.292","0.078","0.593"
"['The Ladies of the House']","0.523945","0.199162","0.465705","0.043105","0.157505","0.0","0.0","0.624","0.037","0.312","0.983","0.977","0.074"
"['Alien Abduction']","0.305918","0.868136","0.914607","0.006921","0.087272","0.0","0.0","0.941","0.532","0.023","0.328","0.051","0.945"
"['Captain America: The Winter Soldier']","0.777888","0.029973","0.067466","0.248022","0.395269","0.0","0.0","0.0","0.946","0.989","0.117","0.072","0.035"
"['Captain America: The First Avenger']","0.220939","0.382458","0.176727","0.155922","0.352696","0.0","0.0","0.861","0.609","0.84","0.034","0.252","0.659"
"['In the Blood']","0.176254","0.191134","0.692327","0.026195","0.047851","0.0","0.0","0.287","0.266","0.234","0.898","0.845","0.581"
"['Jinn']","0.148905","0.565297","0.12686","0.115893","0.273999","0.0","0.0","0.605","0.437","0.59","0.474","0.306","0.488"
"['Draft Day']","0.169695","0.51074","0.102871","0.179531","0.526758","0.88","0.71","0.0","0.139","0.157","0.849","0.568","0.817"
"['Oculus']","0.242278","0.360938","0.153946","0.353083","0.164366","0.0","0.0","0.0","0.989","0.957","0.157","0.012","0.046"
"['Rio 2']","0.066851","0.048695","0.280238","0.840703","0.196054","0.0","0.0","0.021","0.535","0.932","0.356","0.731","0.341"
"['Rio']","0.228857","0.617309","0.115215","0.028419","0.445317","0.0","0.0","0.0","0.321","0.376","0.522","0.814","0.033"
"['Heaven Is for Real']","0.233292","0.135891","0.812117","0.022514","0.3811","0.0","0.0","0.64","0.219","0.194","0.844","0.468","0.8"
"['Authors Anonymous']","0.370321","0.297265","0.147935","0.089476","0.117617","0.236","0.0","0.81","0.443","0.64","0.274","0.169","0.368"
"['A Haunted House 2']","0.087142","0.218785","0.460137","0.03546","0.564215","0.0","0.0","0.278","0.161","0.215","0.386","0.756","0.784"
"['A Haunted House']","0.105837","0.051606","0.694667","0.015667","0.246643","0.013","0.0","0.0","0.296","0.401","0.255","0.486","0.827"
"['Kid Cannabis']","0.308305","0.398238","0.204684","0.036627","0.190364","0.0","0.0","0.593","0.561","0.071","0.867","0.166","0.679"
"['Diary of a Wimpy Kid: Dog Days']","0.102172","0.541177","0.060968","0.174968","0.25045","0.0","0.0","0.0","0.437","0.742","0.678","0.589","0.22"
"['The Last Straw']","0.320075","0.447618","0.107631","0.032787","0.672596","0.0","0.0","0.125","0.248","0.611","0.553","0.648","0.595"
"['Django Unchained']","0.527497","0.503641","0.406438","0.016858","0.477729","0.0","0.0","0.112","0.137","0.081","0.539","0.258","0.905"
"[""Don't Change the Subject""]","0.445955","0.433457","0.685699","0.008302","0.395816","0.101","0.1","0.0","0.209","0.049","0.351","0.062","0.862"
"['Dracula Reborn']","0.303073","0.280625","0.340422","0.099643","0.333518","0.0","0.0","0.0","0.47","0.024","0.583","0.342","0.678"
"['Dragon Eyes']","0.309476","0.263684","0.047996","0.018834","0.025056","0.0","0.0","0.944","0.269","0.005","0.687","0.074","0.97"
"['Dysfunctional Friends']","0.137771","0.326354","0.057802","0.389179","0.170281","0.0","0.0","0.958","0.13","0.324","0.979","0.957","0.289"
"['Eating Out 4: Drama Camp']","0.082392","0.514271","0.268903","0.270826","0.162193","0.0","0.0","0.0","0.31","0.084","0.548","0.707","0.502"
"['Eden']","0.125941","0.272481","0.040388","0.783419","0.098054","0.0","0.0","0.0","0.825","0.617","0.107","0.045","0.308"
"['Elevator']","0.45947","0.195174","0.383434","0.135196","0.177179","0.0","0.0","0.0","0.285","0.618","0.389","0.468","0.473"
"['Elf-Man']","0.262062","0.966157","0.703968","0.022804","0.020142","0.0","0.0","0.001","0.509","0.151","0.611","0.153","0.807"
"['End of Watch']","0.133781","0.124953","0.454704","0.255213","0.413315","0.0","0.0","0.0","0.299","0.426","0.833","0.873","0.26"
"['Evidence']","0.295407","0.500255","0.69396","0.023204","0.101841","0.099","0.0","0.014","0.362","0.018","0.782","0.146","0.933"
"['Evil Head']","0.472027","0.539666","0.333728","0.027259","0.030612","0.0","0.0","0.294","0.07","0.007","0.958","0.215","0.982"
"['Excision']","0.154159","0.167134","0.216679","0.555903","0.169491","0.0","0.0","0.135","0.287","0.705","0.673","0.753","0.479"
"['Exit Strategy']","0.198429","0.185895","0.493441","0.11339","0.237302","0.0","0.0","0.569","0.086","0.377","0.954","0.694","0.087"
"['The Expendables']","0.050969","0.156686","0.406986","0.19698","0.484988","0.0","0.0","0.459","0.582","0.311","0.427","0.483","0.465"
"['Extracted']","0.049967","0.924067","0.468306","0.025413","0.14905","0.275","0.468","0.0","0.546","0.109","0.416","0.185","0.797"
"['Filly Brown']","0.199143","0.129065","0.133654","0.199841","0.049805","0.0","0.887","0.0","0.523","0.293","0.516","0.241","0.731"
"['Finding Nemo']","0.071608","0.640263","0.418587","0.045623","0.446682","0.965","0.0","0.129","0.385","0.328","0.372","0.415","0.849"
"['Fire with Fire']","0.303671","0.610516","0.90843","0.012708","0.047854","0.0","0.0","0.571","0.531","0.065","0.607","0.119","0.86"
"['Flight']","0.158082","0.136511","0.219578","0.208829","0.331784","0.0","0.0","0.258","0.955","0.644","0.098","0.045","0.668"
"['For a Good Time, Call...']","0.355631","0.025082","0.102027","0.181095","0.117904","0.0","0.0","0.099","0.067","0.239","0.941","0.819","0.696"
"['For Ellen']","0.232089","0.184528","0.051502","0.07657","0.624219","0.0","0.0","0.56","0.088","0.151","0.81","0.63","0.9"
"['For the Love of Money']","0.326065","0.221271","0.027721","0.188797","0.048352","0.0","0.632","0.0","0.547","0.059","0.891","0.138","0.801"
"['Forgetting the Girl']","0.948746","0.736069","0.03097","0.038816","0.067753","0.0","0.0","0.05","0.074","0.054","0.862","0.641","0.903"
"['Fortress']","0.067649","0.060855","0.566247","0.542561","0.062233","0.0","0.761","0.0","0.061","0.966","0.915","0.953","0.357"
"['Frankenweenie']","0.053126","0.214961","0.369642","0.084701","0.182622","0.0","0.0","0.345","0.194","0.262","0.78","0.505","0.7"
"['Friends with Kids']","0.043302","0.035966","0.033535","0.514213","0.111385","0.0","0.0","0.271","0.027","0.041","0.99","0.967","0.724"
"['Fun Size']","0.357761","0.232393","0.014039","0.158213","0.377501","0.0","0.0","0.895","0.037","0.009","0.928","0.464","0.984"
"['Gambit']","0.149871","0.409112","0.350842","0.032823","0.163436","0.0","0.0","0.467","0.321","0.139","0.521","0.152","0.801"
"['Gayby']","0.235116","0.284318","0.210608","0.223339","0.312225","0.0","0.0","0.491","0.288","0.383","0.761","0.62","0.672"
"['Ghost Rider: Spirit of Vengeance']","0.342398","0.048204","0.675801","0.036526","0.046435","0.022","0.0","0.0","0.699","0.455","0.557","0.161","0.64"
"['Toolbox Murders']","0.382162","0.710495","0.480029","0.010901","0.198201","0.0","0.0","0.572","0.565","0.031","0.644","0.142","0.891"
"['Company of Heroes']","0.05533","0.317089","0.405074","0.243048","0.165642","0.0","0.0","0.185","0.77","0.861","0.156","0.136","0.294"
"['Computer Chess']","0.541292","0.34898","0.122445","0.026919","0.320037","0.443","0.0","0.461","0.824","0.395","0.12","0.052","0.351"
"['Concussion']","0.481759","0.406809","0.215086","0.017373","0.411949","0.0","0.0","0.936","0.053","0.029","0.915","0.764","0.949"
"['Contest']","0.084154","0.053324","0.088221","0.799064","0.261277","0.0","0.0","0.467","0.619","0.966","0.289","0.239","0.059"
"['Continental']","0.334204","0.0293","0.132803","0.60758","0.213858","0.273","0.537","0.0","0.212","0.662","0.745","0.547","0.69"
"['Contracted']","0.683773","0.598828","0.114945","0.060455","0.426172","0.0","0.0","0.089","0.248","0.069","0.46","0.303","0.88"
"['Cutie and the Boxer']","0.212179","0.237526","0.150144","0.274089","0.630896","0.0","0.0","0.0","0.437","0.221","0.19","0.417","0.65"
"['Dallas Buyers Club']","0.170494","0.369717","0.21838","0.028603","0.786945","0.0","0.0","0.0","0.731","0.28","0.156","0.09","0.7"
"['Dark Skies']","0.110147","0.019195","0.0918","0.832765","0.38175","0.0","0.0","0.337","0.601","0.803","0.196","0.329","0.159"
"['Dead Man Down']","0.708878","0.36098","0.526045","0.030982","0.148343","0.0","0.0","0.626","0.418","0.038","0.838","0.296","0.648"
"['Despicable Me 2']","0.515356","0.205614","0.250178","0.214253","0.080964","0.0","0.0","0.0","0.049","0.407","0.431","0.779","0.965"
"['Despicable Me']","0.420036","0.587433","0.430369","0.011409","0.107827","0.0","0.0","0.182","0.08","0.048","0.851","0.567","0.984"
"['Disconnect']","0.643848","0.428529","0.015521","0.03097","0.530653","0.0","0.0","0.932","0.446","0.203","0.296","0.222","0.897"
"['Dirty Wars']","0.561547","0.852281","0.315322","0.019267","0.023071","0.0","0.34","0.0","0.014","0.018","0.922","0.911","0.989"
"['Don Jon']","0.372939","0.038983","0.383835","0.030896","0.450325","0.0","0.0","0.801","0.041","0.015","0.96","0.676","0.876"
"['Drinking Buddies']","0.546439","0.042858","0.009596","0.18173","0.055241","0.0","0.0","0.485","0.081","0.04","0.957","0.746","0.901"
"['Elysium']","0.190526","0.121582","0.16878","0.096333","0.565403","0.0","0.0","0.665","0.028","0.026","0.779","0.591","0.977"
"['Emperor']","0.206615","0.255376","0.208497","0.368095","0.162786","0.0","0.0","0.614","0.753","0.57","0.352","0.115","0.242"
"['Empire State']","0.378742","0.545005","0.170035","0.187833","0.153936","0.0","0.0","0.0","0.865","0.84","0.212","0.073","0.076"
"[""Ender's Game""]","0.212405","0.220612","0.232831","0.03066","0.578752","0.0","0.0","0.652","0.055","0.195","0.864","0.805","0.9"
"['Enough Said']","0.584095","0.109336","0.346686","0.586254","0.223311","0.0","0.003","0.0","0.214","0.325","0.6","0.503","0.816"
"['Epic']","0.05938","0.401269","0.281169","0.203343","0.407465","0.0","0.91","0.0","0.256","0.173","0.705","0.342","0.741"
"['Erased']","0.1325","0.176756","0.963488","0.029579","0.128963","0.0","0.0","0.288","0.176","0.171","0.456","0.33","0.851"
"['Escape from Planet Earth']","0.042022","0.142568","0.79654","0.050697","0.148999","0.0","0.748","0.0","0.801","0.33","0.291","0.076","0.509"
"['Escape Plan']","0.140323","0.634407","0.599046","0.016388","0.142312","0.733","0.79","0.0","0.161","0.428","0.821","0.545","0.228"
"['Evil Dead']","0.398321","0.214223","0.218632","0.024661","0.11401","0.0","0.0","0.365","0.191","0.003","0.633","0.025","0.985"
"['Family Weekend']","0.450897","0.204087","0.033229","0.048378","0.260675","0.0","0.816","0.0","0.052","0.584","0.894","0.942","0.433"
"['Far Marfa']","0.03231","0.351592","0.15042","0.542807","0.318399","0.0","0.0","0.0","0.546","0.335","0.886","0.62","0.235"
"['Fast & Furious 6']","0.534","0.476296","0.057341","0.028859","0.02773","0.0","0.0","0.0","0.3","0.006","0.168","0.038","0.988"
"['Fast Five']","0.851552","0.719306","0.130006","0.018559","0.264221","0.0","0.0","0.838","0.256","0.075","0.224","0.245","0.907"
"['Five Dances']","0.05387","0.438285","0.030995","0.495766","0.03858","0.0","0.0","0.459","0.148","0.197","0.551","0.832","0.593"
"['Foodfight!']","0.253221","0.285644","0.474118","0.030454","0.447613","0.0","0.0","0.0","0.552","0.138","0.264","0.141","0.832"
"['Child 44']","0.051086","0.087588","0.09804","0.35321","0.037691","0.0","0.721","0.0","0.187","0.087","0.763","0.558","0.568"
"['Paul Blart: Mall Cop 2']","0.090553","0.065736","0.940948","0.09547","0.269089","0.0","0.048","0.0","0.419","0.665","0.26","0.494","0.563"
"['Paul Blart: Mall Cop']","0.02313","0.301682","0.939861","0.021621","0.091017","0.0","0.31","0.0","0.455","0.252","0.714","0.285","0.623"
"['The Road Within']","0.367311","0.401702","0.103374","0.204422","0.156853","0.0","0.0","0.185","0.96","0.49","0.199","0.059","0.309"
"['True Story']","0.072345","0.372787","0.019017","0.336643","0.372885","0.0","0.0","0.922","0.095","0.673","0.863","0.873","0.49"
"['Unfriended']","0.302988","0.573586","0.228467","0.055772","0.203008","0.0","0.0","0.87","0.337","0.198","0.616","0.301","0.354"
"['Adult Beginners']","0.192155","0.23162","0.031555","0.69072","0.095132","0.0","0.814","0.0","0.122","0.562","0.468","0.832","0.514"
"['Blackbird']","0.147868","0.106082","0.206299","0.482217","0.189166","0.0","0.0","0.0","0.194","0.322","0.053","0.245","0.822"
"['Brotherly Love']","0.026428","0.007776","0.040694","0.985083","0.0996","0.0","0.0","0.0","0.02","0.319","0.988","0.966","0.73"
"['Just Before I Go']","0.643762","0.083179","0.272482","0.04245","0.225233","0.0","0.0","0.963","0.007","0.071","0.791","0.92","0.986"
"['Little Boy']","0.377192","0.540424","0.035679","0.058862","0.246281","0.0","0.761","0.0","0.075","0.056","0.975","0.695","0.75"
"['The Age of Adaline']","0.255331","0.146581","0.406951","0.023847","0.429242","0.0","0.0","0.499","0.514","0.383","0.309","0.169","0.763"
"['Avengers: Age of Ultron']","0.22195","0.225848","0.156625","0.056038","0.40014","0.0","0.007","0.0","0.57","0.331","0.117","0.208","0.852"
"['Far from the Madding Crowd']","0.256489","0.329865","0.585035","0.037407","0.131297","0.0","0.0","0.0","0.554","0.563","0.243","0.281","0.556"
"['The D Train']","0.689699","0.509492","0.491403","0.02518","0.177401","0.0","0.0","0.488","0.459","0.283","0.364","0.298","0.799"
"['Maggie']","0.254995","0.859459","0.375284","0.009502","0.274111","0.0","0.0","0.921","0.124","0.044","0.424","0.322","0.825"
"['Pitch Perfect 2']","0.073663","0.05217","0.080035","0.813537","0.28644","0.0","0.86","0.0","0.015","0.096","0.918","0.921","0.978"
"['Poltergeist']","0.123475","0.518468","0.12327","0.651276","0.073748","0.0","0.0","0.861","0.581","0.564","0.148","0.284","0.559"
"['Tomorrowland']","0.200216","0.303277","0.194556","0.217342","0.401416","0.0","0.0","0.0","0.373","0.78","0.387","0.367","0.645"
"['When Marnie Was There']","0.055985","0.192163","0.057025","0.833389","0.095796","0.0","0.0","0.111","0.38","0.542","0.562","0.668","0.367"
"['Aloha']","0.01807","0.122657","0.055322","0.869429","0.172968","0.0","0.0","0.605","0.674","0.307","0.104","0.03","0.853"
"['Spy']","0.45387","0.124294","0.084796","0.45207","0.029921","0.0","0.0","0.0","0.655","0.695","0.22","0.148","0.554"
"['Insidious: Chapter 3']","0.486183","0.500545","0.551511","0.01468","0.184971","0.0","0.361","0.0","0.338","0.108","0.141","0.245","0.87"
"['Jurassic World']","0.061538","0.152948","0.211572","0.504223","0.497576","0.0","0.0","0.0","0.436","0.38","0.715","0.93","0.774"
"['Inside Out']","0.059319","0.164279","0.100924","0.530656","0.183216","0.0","0.0","0.362","0.065","0.078","0.961","0.974","0.188"
"['Ted 2']","0.21508","0.19739","0.468211","0.298709","0.165597","0.0","0.225","0.0","0.704","0.501","0.453","0.491","0.279"
"['Terminator Genisys']","0.136693","0.246878","0.281972","0.26169","0.37402","0.0","0.851","0.0","0.163","0.141","0.908","0.726","0.581"
"['Terminator Salvation']","0.041938","0.130181","0.152285","0.724421","0.053266","0.0","0.0","0.75","0.775","0.017","0.39","0.038","0.813"
"['Minions']","0.366398","0.865753","0.599209","0.013858","0.202971","0.0","0.0","0.78","0.388","0.116","0.758","0.171","0.791"
"['Despicable Me']","0.420036","0.587433","0.430369","0.011409","0.107827","0.0","0.0","0.182","0.08","0.048","0.851","0.567","0.984"
"['Ant-Man']","0.085155","0.090929","0.057567","0.234176","0.623013","0.0","0.0","0.472","0.262","0.564","0.763","0.484","0.639"
"['Trainwreck']","0.568343","0.481557","0.101123","0.024712","0.377893","0.0","0.116","0.0","0.044","0.051","0.766","0.744","0.836"
"['Pixels']","0.09072","0.03951","0.324449","0.318263","0.178066","0.0","0.029","0.0","0.294","0.426","0.58","0.633","0.637"
"['The Vatican Tapes']","0.18625","0.401812","0.500426","0.075384","0.112131","0.0","0.0","0.0","0.828","0.182","0.691","0.118","0.422"
"[""She's Funny That Way""]","0.565838","0.029135","0.1285","0.418696","0.011249","0.0","0.0","0.945","0.004","0.107","0.95","0.978","0.906"
"['No Escape']","0.099452","0.335328","0.954032","0.016892","0.183701","0.0","0.149","0.0","0.101","0.054","0.72","0.225","0.914"
"['Agent 47']","0.371784","0.265093","0.254467","0.044574","0.398356","0.0","0.299","0.0","0.579","0.456","0.137","0.13","0.599"
"['Transcendence']","0.254993","0.026857","0.247152","0.314007","0.058544","0.0","0.0","0.16","0.544","0.186","0.319","0.07","0.734"
"['13 Sins']","0.477418","0.368029","0.018734","0.015314","0.244868","0.718","0.0","0.0","0.042","0.01","0.947","0.549","0.956"
"['13 Beloved']","0.052316","0.173703","0.599739","0.35154","0.103282","0.0","0.337","0.0","0.356","0.794","0.604","0.802","0.158"
"['Brick Mansions']","0.112736","0.375339","0.114788","0.449921","0.173777","0.0","0.569","0.0","0.495","0.286","0.191","0.291","0.516"
"['District 13']","0.079172","0.193364","0.125163","0.780451","0.299179","0.0","0.0","0.0","0.684","0.831","0.005","0.143","0.384"
"['The Other Woman']","0.190548","0.583376","0.307808","0.034846","0.260809","0.0","0.0","0.821","0.3","0.226","0.713","0.544","0.7"
"['Walking with the Enemy']","0.885544","0.737647","0.960549","0.01423","0.015949","0.0","0.0","0.91","0.242","0.004","0.682","0.058","0.969"
"['The Amazing Spider-Man 2']","0.084887","0.823443","0.222654","0.05633","0.190543","0.0","0.0","0.0","0.349","0.762","0.671","0.496","0.177"
"['The Amazing Spider-Man']","0.017418","0.680214","0.458731","0.365445","0.113544","0.0","0.715","0.0","0.967","0.899","0.39","0.073","0.124"
"['Bad Johnson']","0.856565","0.483114","0.155808","0.020032","0.094354","0.0","0.0","0.439","0.119","0.083","0.466","0.292","0.932"
"['Decoding Annie Parker']","0.172062","0.338968","0.211354","0.41373","0.221549","0.0","0.0","0.0","0.541","0.78","0.803","0.683","0.035"
"['Walk of Shame']","0.120875","0.845382","0.204802","0.029857","0.095896","0.0","0.805","0.0","0.333","0.365","0.517","0.309","0.604"
"[""Devil's Knot""]","0.385737","0.787319","0.275598","0.005767","0.215313","0.0","0.0","0.84","0.07","0.001","0.892","0.048","0.995"
"[""God's Pocket""]","0.019288","0.064295","0.517626","0.391671","0.043219","0.0","0.265","0.0","0.436","0.375","0.803","0.438","0.57"
"['Neighbors']","0.540773","0.57489","0.165717","0.03493","0.090034","0.0","0.0","0.757","0.074","0.21","0.829","0.849","0.932"
"['Stage Fright']","0.277457","0.371142","0.848401","0.011039","0.342933","0.2","0.0","0.879","0.15","0.022","0.787","0.408","0.964"
"['Godzilla']","0.075971","0.099089","0.27126","0.572295","0.356737","0.0","0.0","0.917","0.103","0.191","0.156","0.187","0.971"
"['Million Dollar Arm']","0.122802","0.356388","0.255325","0.110217","0.318377","0.0","0.0","0.133","0.417","0.157","0.392","0.316","0.775"
"['The Angriest Man in Brooklyn']","0.655392","0.258764","0.139964","0.035428","0.190959","0.0","0.0","0.422","0.841","0.22","0.468","0.13","0.619"
"['Blended']","0.142363","0.078005","0.11514","0.460137","0.386141","0.0","0.805","0.0","0.474","0.419","0.251","0.275","0.82"
"['Cold in July']","0.631355","0.34634","0.733076","0.026588","0.110443","0.0","0.0","0.38","0.358","0.227","0.431","0.433","0.889"
"['same name']","0.410093","0.085984","0.634531","0.029962","0.583668","0.0","0.0","0.492","0.072","0.16","0.692","0.679","0.914"
"['X-Men: Days of Future Past']","0.214382","0.056721","0.146953","0.450374","0.241905","0.0","0.0","0.337","0.314","0.97","0.204","0.406","0.562"
"['X-Men: First Class']","0.060046","0.405904","0.175455","0.732664","0.19826","0.0","0.0","0.211","0.703","0.881","0.018","0.076","0.665"
"['Maleficent']","0.306121","0.044263","0.07984","0.178338","0.279557","0.0","0.0","0.0","0.128","0.002","0.89","0.002","0.982"
"['A Million Ways to Die in the West']","0.083409","0.568839","0.640862","0.017185","0.493598","0.0","0.0","0.0","0.918","0.727","0.39","0.315","0.075"
"['Edge of Tomorrow']","0.062724","0.201689","0.762016","0.126146","0.212429","0.431","0.0","0.792","0.476","0.51","0.269","0.326","0.779"
"['All You Need Is Kill']","0.15421","0.206844","0.360417","0.07997","0.316548","0.0","0.987","0.0","0.037","0.0","0.965","0.004","0.989"
"['The Fault in Our Stars']","0.335244","0.226566","0.092806","0.089713","0.33023","0.0","0.745","0.0","0.292","0.393","0.93","0.934","0.457"
